{
"wrangell" : [62.00572, -144.01935],
"spurr" : [61.2989, -152.2539],
"redoubt" : [60.4852, -152.7438],
"iliamna" : [60.0319, -153.0918],
"augustine" : [59.3626, -153.435],
"douglas" : [58.8596, -153.5351],
"fourpeaked" : [58.7703, -153.6738],
"kukak" : [58.4528, -154.3573],
"snowy" : [58.3336, -154.6859],
"katmai" : [58.279, -154.9533],
"griggs" : [58.3572, -155.1037],
"trident" : [58.2343, -155.1026],
"novarupta" : [58.2654, -155.1591],
"mageik" : [58.1946, -155.2544],
"martin" : [58.1692, -155.3566],
"ukinrek-maars" : [57.8338, -156.5139],
"ugashik-peulik" : [57.7503, -156.37],
"chiginagak" : [57.13348, -156.99147],
"aniakchak" : [56.9058, -158.209],
"veniaminof" : [56.1979, -159.3931],
"kupreanof" : [56.0126, -159.7912],
"pavlof" : [55.4173, -161.8937],
"emmons-lake-volcanic-center" : [55.3409, -162.0726],
"dutton" : [55.1867, -162.2744],
"amak" : [55.41728, -163.14687],
"shishaldin" : [54.7554, -163.9711],
"fisher" : [54.6692, -164.3524],
"westdahl" : [54.5171, -164.6476],
"gilbert" : [54.2522, -165.6605],
"akutan" : [54.13308, -165.98555],
"makushin" : [53.88707, -166.93202],
"bogoslof" : [53.9272, -168.0344],
"okmok" : [53.419, -168.132],
"recheshnoi" : [53.1536, -168.5382],
"vsevidof" : [53.1256, -168.6937],
"kagamil" : [52.97347, -169.71737],
"cleveland" : [52.8222, -169.945],
"carlisle" : [52.8906, -170.0576],
"yunaska" : [52.64378, -170.65152],
"amukta" : [52.49419, -171.25476],
"seguam" : [52.316, -172.51],
"atka" : [52.3309, -174.139],
"korovin" : [52.37934, -174.1548],
"kasatochi" : [52.1693, -175.5113],
"great-sitkin" : [52.0765, -176.1109],
"kanaga" : [51.9242, -177.1623],
"tanaga" : [51.884, -178.143],
"gareloi" : [51.78887, -178.79368],
"semisopochnoi" : [51.9288, 179.5977],
"little-sitkin" : [51.9531, 178.5356],
"segula" : [52.0138, 178.134],
"kiska" : [52.1031, 177.6035]
}
